{"cameraMode":{"drawMode":0,"name":"Shaded","section":"Shading Mode"},"sceneLighting":true,"audioPlay":false,"sceneViewState":{"m_AlwaysRefresh":false,"showFog":true,"showSkybox":true,"showFlares":true,"showImageEffects":true,"showParticleSystems":true,"showVisualEffectGraphs":true,"m_FxEnabled":true},"in2DMode":false,"pivot":{"x":4.1192803382873539,"y":-12.726301193237305,"z":24.25237274169922},"rotation":{"x":-0.29726025462150576,"y":-0.007722746580839157,"z":0.002411002293229103,"w":-0.9548391699790955},"size":21.542600631713868,"orthographic":false}