{"cameraMode":{"drawMode":0,"name":"Shaded","section":"Shading Mode"},"sceneLighting":true,"audioPlay":false,"sceneViewState":{"m_AlwaysRefresh":false,"showFog":true,"showSkybox":true,"showFlares":true,"showImageEffects":true,"showParticleSystems":true,"showVisualEffectGraphs":true,"m_FxEnabled":true},"in2DMode":false,"pivot":{"x":-1.7582584619522095,"y":8.505390167236329,"z":1.2374382019042969},"rotation":{"x":-0.275692880153656,"y":-0.0008678979938849807,"z":0.0002490089100319892,"w":-0.9612505435943604},"size":19.95694351196289,"orthographic":false}