{"cameraMode":{"drawMode":0,"name":"Shaded","section":"Shading Mode"},"sceneLighting":false,"audioPlay":false,"sceneViewState":{"m_AlwaysRefresh":false,"showFog":true,"showSkybox":false,"showFlares":true,"showImageEffects":true,"showParticleSystems":true,"showVisualEffectGraphs":true,"m_FxEnabled":true},"in2DMode":false,"pivot":{"x":3.8199996948242189,"y":1.0199999809265137,"z":3.8399999141693117},"rotation":{"x":-0.3812946379184723,"y":0.14387044310569764,"z":-0.06020268052816391,"w":-0.9112070202827454},"size":1.5640082359313965,"orthographic":false}