{"cameraMode":{"drawMode":0,"name":"Shaded","section":"Shading Mode"},"sceneLighting":false,"audioPlay":false,"sceneViewState":{"m_AlwaysRefresh":false,"showFog":true,"showSkybox":false,"showFlares":true,"showImageEffects":true,"showParticleSystems":true,"showVisualEffectGraphs":true,"m_FxEnabled":true},"in2DMode":false,"pivot":{"x":0.053001224994659427,"y":0.7199029922485352,"z":-0.22104322910308839},"rotation":{"x":-0.35379111766815188,"y":0.121030293405056,"z":-0.04621715843677521,"w":-0.926387369632721},"size":0.7938292622566223,"orthographic":false}